Lease,Lessor,Lessee,Tract coverage,Lease date,Recording info,Primary term,Clauses,Calculated expiration,Current status,HBP evidence,Well/links,Open issue
OGL 2702/0505,Gena Williams Moore (Mitchell),"Silver Oak Natural Resources, LLC","Tracts 1,3 (N/2 NE/4, SE/4 NE/4)",eff ~02/11/2026,Bk 2702 Pg 0505,5 years,Paid-up TOP LEASE; springs on prior-lease termination,02/11/2031,Active top lease (subordinate),N/A - top lease; not relied on for HBP,OKCountyRecords API image 6/12/2026,Subordinate to 2004-era prior lease (Bk 1736)
OGL 2693/0337,Mitchell-Buonaccorsi Living Trust,"Silver Oak Natural Resources, LLC","Tracts 1,3",eff ~02/23/2026,Bk 2693 Pg 0337,3 years,Paid-up TOP LEASE; springs on prior-lease termination,02/23/2029,Active top lease (subordinate),N/A - top lease,OKCountyRecords API image 6/12/2026,3/16 royalty; prior lease 1736/0594
OGL 2693/0345,Kevin Warner Johnson Trust,"Silver Oak Natural Resources, LLC","Tracts 3,7",eff ~02/27/2026,Bk 2693 Pg 0345,5 years,Paid-up TOP LEASE; springs on prior-lease termination,02/27/2031,Active top lease (subordinate),N/A - top lease,OKCountyRecords API image 6/12/2026,3/16 royalty; Sorenson trust
OGL 2693/0349,Mark Ashley Daigle Trust,"Silver Oak Natural Resources, LLC","Tracts 3,7",eff ~02/23/2026,Bk 2693 Pg 0349,5 years,Paid-up TOP LEASE; springs on prior-lease termination,02/23/2031,Active top lease (subordinate),N/A - top lease,OKCountyRecords API image 6/12/2026,3/16 royalty; Sorenson trust
OGL 2697/0520,Keri Lee Daigle Tucker Trust,"Silver Oak Natural Resources, LLC","Tracts 3,4,7",eff ~02/17/2026,Bk 2697 Pg 0520,5 years,Paid-up TOP LEASE; springs on prior-lease termination,02/17/2031,Active top lease (subordinate),N/A - top lease,OKCountyRecords API image 6/12/2026,3/16 royalty; Sorenson trust
OGL 2697/0524,Ronald Paul Dold,"Silver Oak Natural Resources, LLC","Tracts 1,3,4,6 (E2 NW/N2 NE/SW)",eff ~03/31/2026,Bk 2697 Pg 0524,3 years,Paid-up TOP LEASE; springs on prior-lease termination,03/31/2029,Active top lease (subordinate),N/A - top lease,OKCountyRecords API image 6/12/2026,3/16 royalty; prior lease Nancy S. Mitchell to R.M. Lortz 2004
Prior 2004-era leases,Mitchell / Sorenson / Daigle / Johnson families,"R. Michael Lortz / N/G Discovery, L.L.C.","N/2 NE/4, SE/4 NE/4 etc.",dtd 01/14/2004,Bk 1736 (e.g. Pg 0594),per instrument,Base leases the Silver Oak top leases sit atop,UNKNOWN - image needed,Possible HBP - Needs Confirmation,Depends on Alexander #1-31 production; UNCONFIRMED,Cited in workbook; full image not in record set,"If these are NOT HBP, Silver Oak top leases spring to life"
Historic leasehold (OGLs 1-30+),Various (1916-2000),Chesapeake / EOG / Lortz / Devon / Jess Harris / TODCO,All of / parts of 31-12N-24W,1916-2000,see OGLs sheet (615 leases),various,Mixed/unknown; releases not fully matched,Mostly historic/expired,Expired or Unknown - Needs Confirmation,Primary terms alone insufficient; check production/pooling/shut-in/releases,OGLs sheet,Release matching incomplete
Wellbore / ORRI chain (not a lease),"Martin's Empire, LLC","Stride Bank, N.A. TTEE (Umbrella Trust)",Alexander #1-31 wellbores,"eff 01/01/2026, rec 05/04/2026",Bk 2698 Pg 0069 (7 pgs),n/a,ORRI assignment: 2% of 8/8ths overriding royalty (NOT working interest),n/a,Recorded ORRI assignment,Tied to Alexander #1-31 wellbore,OKCountyRecords API image 6/12/2026,Index legal NW NW; OCC surface C NW SE - reconcile
